nsdId,category,source
3729,face,shared
3842,face,shared
3856,face,shared
3913,face,shared
4423,face,shared
7418,face,shared
8225,face,shared
8807,face,shared
8933,face,shared
9978,face,shared
10046,face,shared
10471,face,shared
10610,face,shared
11521,face,shared
11617,face,shared
13138,face,shared
13613,face,shared
13653,face,shared
14179,face,shared
14820,face,shared
16466,face,shared
17934,face,shared
18268,face,shared
18796,face,shared
19642,face,shared
20265,face,shared
21192,face,shared
21218,face,shared
21950,face,shared
22523,face,shared
22587,face,shared
22886,face,shared
23241,face,shared
23492,face,shared
23729,face,shared
25371,face,shared
26119,face,shared
26243,face,shared
27326,face,shared
27830,face,shared
27972,face,shared
30935,face,shared
30954,face,shared
31659,face,shared
32857,face,shared
33131,face,shared
33906,face,shared
34418,face,shared
34829,face,shared
34874,face,shared
36067,face,shared
36569,face,shared
37494,face,shared
38025,face,shared
38494,face,shared
39841,face,shared
40548,face,shared
42238,face,shared
42912,face,shared
43445,face,shared
43689,face,shared
44736,face,shared
45213,face,shared
46150,face,shared
47321,face,shared
47408,face,shared
47687,face,shared
48393,face,shared
48679,face,shared
49480,face,shared
49622,face,shared
49979,face,shared
50026,face,shared
51148,face,shared
51928,face,shared
53370,face,shared
55107,face,shared
55405,face,shared
56784,face,shared
57435,face,shared
57648,face,shared
58187,face,shared
59284,face,shared
59595,face,shared
59699,face,shared
60305,face,shared
60978,face,shared
61677,face,shared
61748,face,shared
61797,face,shared
64004,face,shared
64880,face,shared
65069,face,shared
66580,face,shared
67295,face,shared
67742,face,shared
70095,face,shared
70505,face,shared
71450,face,shared
72209,face,shared
487,face,subject1
846,face,subject1
2113,face,subject1
3184,face,subject1
3266,face,subject1
4660,face,subject1
5157,face,subject1
5244,face,subject1
7533,face,subject1
8604,face,subject1
8625,face,subject1
8801,face,subject1
9217,face,subject1
12695,face,subject1
16084,face,subject1
18829,face,subject1
19411,face,subject1
19764,face,subject1
19767,face,subject1
20559,face,subject1
21566,face,subject1
21701,face,subject1
21855,face,subject1
22815,face,subject1
22963,face,subject1
24541,face,subject1
25162,face,subject1
25455,face,subject1
26953,face,subject1
26958,face,subject1
27059,face,subject1
27236,face,subject1
31022,face,subject1
31377,face,subject1
32364,face,subject1
34169,face,subject1
34644,face,subject1
35535,face,subject1
35567,face,subject1
35879,face,subject1
36991,face,subject1
37522,face,subject1
37695,face,subject1
39386,face,subject1
39767,face,subject1
40061,face,subject1
40421,face,subject1
40474,face,subject1
40710,face,subject1
41875,face,subject1
42200,face,subject1
42372,face,subject1
42679,face,subject1
42889,face,subject1
42942,face,subject1
43637,face,subject1
43666,face,subject1
44858,face,subject1
45644,face,subject1
45802,face,subject1
45959,face,subject1
46310,face,subject1
46353,face,subject1
48146,face,subject1
49232,face,subject1
49446,face,subject1
49449,face,subject1
49758,face,subject1
52257,face,subject1
52767,face,subject1
52992,face,subject1
54510,face,subject1
54853,face,subject1
55180,face,subject1
55621,face,subject1
55896,face,subject1
56749,face,subject1
57593,face,subject1
58387,face,subject1
58740,face,subject1
59180,face,subject1
60496,face,subject1
61647,face,subject1
62393,face,subject1
63098,face,subject1
63292,face,subject1
66217,face,subject1
66747,face,subject1
67463,face,subject1
67743,face,subject1
69463,face,subject1
69943,face,subject1
71199,face,subject1
71781,face,subject1
71798,face,subject1
72096,face,subject1
72117,face,subject1
72201,face,subject1
72531,face,subject1
72565,face,subject1
310,face,subject2
441,face,subject2
1356,face,subject2
1509,face,subject2
1550,face,subject2
1775,face,subject2
3076,face,subject2
3102,face,subject2
3659,face,subject2
4358,face,subject2
4568,face,subject2
4617,face,subject2
4818,face,subject2
6061,face,subject2
6229,face,subject2
6247,face,subject2
7389,face,subject2
8576,face,subject2
11438,face,subject2
12056,face,subject2
12854,face,subject2
14218,face,subject2
14403,face,subject2
14757,face,subject2
14879,face,subject2
15552,face,subject2
16754,face,subject2
16955,face,subject2
17620,face,subject2
18289,face,subject2
18497,face,subject2
18909,face,subject2
18955,face,subject2
19300,face,subject2
19673,face,subject2
20743,face,subject2
21222,face,subject2
21288,face,subject2
22158,face,subject2
23792,face,subject2
25251,face,subject2
25348,face,subject2
25801,face,subject2
26236,face,subject2
28615,face,subject2
29309,face,subject2
31924,face,subject2
32235,face,subject2
32723,face,subject2
34403,face,subject2
34455,face,subject2
35642,face,subject2
37646,face,subject2
37797,face,subject2
37918,face,subject2
38061,face,subject2
38206,face,subject2
38786,face,subject2
38862,face,subject2
40310,face,subject2
42730,face,subject2
43062,face,subject2
43106,face,subject2
44633,face,subject2
45406,face,subject2
45452,face,subject2
46441,face,subject2
48342,face,subject2
50262,face,subject2
51706,face,subject2
53468,face,subject2
54198,face,subject2
54764,face,subject2
56920,face,subject2
57477,face,subject2
58180,face,subject2
59072,face,subject2
59606,face,subject2
59735,face,subject2
59763,face,subject2
59968,face,subject2
60656,face,subject2
61254,face,subject2
61267,face,subject2
61403,face,subject2
61833,face,subject2
62008,face,subject2
62450,face,subject2
63086,face,subject2
64000,face,subject2
65377,face,subject2
66808,face,subject2
68239,face,subject2
68533,face,subject2
69439,face,subject2
70291,face,subject2
70842,face,subject2
71980,face,subject2
72072,face,subject2
72511,face,subject2
991,face,subject3
1401,face,subject3
1973,face,subject3
2163,face,subject3
2265,face,subject3
3669,face,subject3
3898,face,subject3
4381,face,subject3
4574,face,subject3
5191,face,subject3
5363,face,subject3
6259,face,subject3
8015,face,subject3
9690,face,subject3
9864,face,subject3
10044,face,subject3
10240,face,subject3
12169,face,subject3
12280,face,subject3
12301,face,subject3
12844,face,subject3
13365,face,subject3
13494,face,subject3
14153,face,subject3
16657,face,subject3
16958,face,subject3
19327,face,subject3
19563,face,subject3
21599,face,subject3
23816,face,subject3
24229,face,subject3
24465,face,subject3
25232,face,subject3
25264,face,subject3
25825,face,subject3
25905,face,subject3
27493,face,subject3
30502,face,subject3
31036,face,subject3
31303,face,subject3
31458,face,subject3
34314,face,subject3
34688,face,subject3
35170,face,subject3
36163,face,subject3
37023,face,subject3
37611,face,subject3
37882,face,subject3
39180,face,subject3
40286,face,subject3
40443,face,subject3
40826,face,subject3
41150,face,subject3
41724,face,subject3
42609,face,subject3
42981,face,subject3
43158,face,subject3
43306,face,subject3
44154,face,subject3
44450,face,subject3
45491,face,subject3
45685,face,subject3
45908,face,subject3
46581,face,subject3
46825,face,subject3
46919,face,subject3
47126,face,subject3
47250,face,subject3
47579,face,subject3
47626,face,subject3
48266,face,subject3
49031,face,subject3
49097,face,subject3
49443,face,subject3
51079,face,subject3
52805,face,subject3
54097,face,subject3
54474,face,subject3
55403,face,subject3
55471,face,subject3
56383,face,subject3
58005,face,subject3
58574,face,subject3
59111,face,subject3
60700,face,subject3
61158,face,subject3
61563,face,subject3
62773,face,subject3
62795,face,subject3
63068,face,subject3
65243,face,subject3
65272,face,subject3
65643,face,subject3
66144,face,subject3
66775,face,subject3
66970,face,subject3
69466,face,subject3
70407,face,subject3
70421,face,subject3
70996,face,subject3
53,face,subject4
130,face,subject4
1073,face,subject4
1600,face,subject4
1683,face,subject4
2400,face,subject4
3331,face,subject4
3360,face,subject4
3989,face,subject4
5150,face,subject4
6322,face,subject4
6563,face,subject4
8433,face,subject4
9195,face,subject4
10956,face,subject4
11201,face,subject4
11839,face,subject4
14876,face,subject4
15046,face,subject4
16283,face,subject4
16887,face,subject4
16953,face,subject4
17499,face,subject4
17804,face,subject4
19540,face,subject4
20329,face,subject4
20539,face,subject4
20618,face,subject4
21310,face,subject4
21535,face,subject4
21610,face,subject4
22776,face,subject4
22824,face,subject4
24147,face,subject4
24400,face,subject4
25726,face,subject4
25849,face,subject4
27675,face,subject4
27706,face,subject4
28530,face,subject4
28759,face,subject4
29185,face,subject4
29981,face,subject4
30383,face,subject4
30837,face,subject4
30842,face,subject4
31663,face,subject4
32214,face,subject4
33100,face,subject4
35242,face,subject4
35402,face,subject4
36032,face,subject4
36977,face,subject4
38699,face,subject4
39333,face,subject4
39628,face,subject4
39816,face,subject4
40291,face,subject4
40493,face,subject4
41567,face,subject4
42289,face,subject4
43377,face,subject4
43549,face,subject4
43780,face,subject4
43988,face,subject4
44262,face,subject4
45473,face,subject4
45814,face,subject4
46817,face,subject4
48671,face,subject4
49401,face,subject4
49599,face,subject4
50544,face,subject4
51070,face,subject4
51455,face,subject4
51512,face,subject4
51587,face,subject4
51774,face,subject4
53497,face,subject4
53643,face,subject4
54757,face,subject4
54792,face,subject4
54840,face,subject4
55470,face,subject4
55737,face,subject4
55784,face,subject4
57099,face,subject4
59384,face,subject4
59434,face,subject4
60470,face,subject4
60727,face,subject4
61938,face,subject4
64061,face,subject4
67165,face,subject4
67352,face,subject4
67785,face,subject4
67948,face,subject4
68393,face,subject4
68579,face,subject4
69179,face,subject4
258,face,subject5
1953,face,subject5
3133,face,subject5
3440,face,subject5
3616,face,subject5
3799,face,subject5
3979,face,subject5
4117,face,subject5
4610,face,subject5
5815,face,subject5
6460,face,subject5
6932,face,subject5
8027,face,subject5
8760,face,subject5
8963,face,subject5
12913,face,subject5
13569,face,subject5
13637,face,subject5
15924,face,subject5
16182,face,subject5
18751,face,subject5
20190,face,subject5
20205,face,subject5
21242,face,subject5
21476,face,subject5
23042,face,subject5
23082,face,subject5
23219,face,subject5
24040,face,subject5
25297,face,subject5
25654,face,subject5
27056,face,subject5
27469,face,subject5
27730,face,subject5
27796,face,subject5
28606,face,subject5
29327,face,subject5
29450,face,subject5
29520,face,subject5
29580,face,subject5
29638,face,subject5
30156,face,subject5
30290,face,subject5
30609,face,subject5
31151,face,subject5
31231,face,subject5
33079,face,subject5
33440,face,subject5
33961,face,subject5
36925,face,subject5
37562,face,subject5
39900,face,subject5
40502,face,subject5
40803,face,subject5
41401,face,subject5
43073,face,subject5
44530,face,subject5
47049,face,subject5
47644,face,subject5
47963,face,subject5
48291,face,subject5
49509,face,subject5
49536,face,subject5
49680,face,subject5
50187,face,subject5
50543,face,subject5
51966,face,subject5
54684,face,subject5
55801,face,subject5
55851,face,subject5
56224,face,subject5
56533,face,subject5
58547,face,subject5
61599,face,subject5
61715,face,subject5
62118,face,subject5
62884,face,subject5
63181,face,subject5
63279,face,subject5
63481,face,subject5
63627,face,subject5
64091,face,subject5
64258,face,subject5
64338,face,subject5
64548,face,subject5
64897,face,subject5
65193,face,subject5
65311,face,subject5
65411,face,subject5
65754,face,subject5
66652,face,subject5
67313,face,subject5
67967,face,subject5
68410,face,subject5
69830,face,subject5
70128,face,subject5
70282,face,subject5
70832,face,subject5
71675,face,subject5
72119,face,subject5
274,face,subject6
1810,face,subject6
1952,face,subject6
2732,face,subject6
3378,face,subject6
3540,face,subject6
4301,face,subject6
4821,face,subject6
5138,face,subject6
5559,face,subject6
5780,face,subject6
7469,face,subject6
7512,face,subject6
8078,face,subject6
8919,face,subject6
9585,face,subject6
10671,face,subject6
11435,face,subject6
11697,face,subject6
12211,face,subject6
12728,face,subject6
17971,face,subject6
18290,face,subject6
19223,face,subject6
19377,face,subject6
19755,face,subject6
20437,face,subject6
21590,face,subject6
21803,face,subject6
22409,face,subject6
24263,face,subject6
24460,face,subject6
24996,face,subject6
25006,face,subject6
25990,face,subject6
26132,face,subject6
26599,face,subject6
26811,face,subject6
26813,face,subject6
27396,face,subject6
27780,face,subject6
28251,face,subject6
28624,face,subject6
29112,face,subject6
29153,face,subject6
29659,face,subject6
31074,face,subject6
32874,face,subject6
33215,face,subject6
33269,face,subject6
33415,face,subject6
33896,face,subject6
35130,face,subject6
35831,face,subject6
36108,face,subject6
37885,face,subject6
39829,face,subject6
40607,face,subject6
41541,face,subject6
42368,face,subject6
42780,face,subject6
43844,face,subject6
46377,face,subject6
47003,face,subject6
47817,face,subject6
51534,face,subject6
52915,face,subject6
52923,face,subject6
53218,face,subject6
54697,face,subject6
55033,face,subject6
56666,face,subject6
57717,face,subject6
57745,face,subject6
58320,face,subject6
58348,face,subject6
58903,face,subject6
59007,face,subject6
59299,face,subject6
61175,face,subject6
61673,face,subject6
62102,face,subject6
62507,face,subject6
62535,face,subject6
62608,face,subject6
62870,face,subject6
64204,face,subject6
64339,face,subject6
65190,face,subject6
65266,face,subject6
65594,face,subject6
66824,face,subject6
66887,face,subject6
67199,face,subject6
67426,face,subject6
68681,face,subject6
68871,face,subject6
70596,face,subject6
72239,face,subject6
72731,face,subject6
1484,face,subject7
2022,face,subject7
2498,face,subject7
5747,face,subject7
6200,face,subject7
8405,face,subject7
10888,face,subject7
11621,face,subject7
12117,face,subject7
13575,face,subject7
13736,face,subject7
14601,face,subject7
15490,face,subject7
15666,face,subject7
16817,face,subject7
18236,face,subject7
18941,face,subject7
20045,face,subject7
20755,face,subject7
21357,face,subject7
21505,face,subject7
21779,face,subject7
21979,face,subject7
22792,face,subject7
22931,face,subject7
23140,face,subject7
23227,face,subject7
24705,face,subject7
25655,face,subject7
25815,face,subject7
26870,face,subject7
27108,face,subject7
27990,face,subject7
28320,face,subject7
29725,face,subject7
29996,face,subject7
30569,face,subject7
31209,face,subject7
31746,face,subject7
33230,face,subject7
33953,face,subject7
34155,face,subject7
35295,face,subject7
35987,face,subject7
36825,face,subject7
40128,face,subject7
40461,face,subject7
40932,face,subject7
41774,face,subject7
42410,face,subject7
43140,face,subject7
43764,face,subject7
44117,face,subject7
44421,face,subject7
44716,face,subject7
44907,face,subject7
45251,face,subject7
45763,face,subject7
46379,face,subject7
47348,face,subject7
48582,face,subject7
49040,face,subject7
49116,face,subject7
50403,face,subject7
51400,face,subject7
51452,face,subject7
51835,face,subject7
51927,face,subject7
52948,face,subject7
53746,face,subject7
54273,face,subject7
56145,face,subject7
56712,face,subject7
57280,face,subject7
57955,face,subject7
58651,face,subject7
59363,face,subject7
59637,face,subject7
59834,face,subject7
59877,face,subject7
60260,face,subject7
60934,face,subject7
61744,face,subject7
62266,face,subject7
62553,face,subject7
63431,face,subject7
63650,face,subject7
64566,face,subject7
65749,face,subject7
66659,face,subject7
66660,face,subject7
67387,face,subject7
67830,face,subject7
67892,face,subject7
69035,face,subject7
69965,face,subject7
70008,face,subject7
70931,face,subject7
71514,face,subject7
72027,face,subject7
9,face,subject8
127,face,subject8
455,face,subject8
1554,face,subject8
1801,face,subject8
2053,face,subject8
2531,face,subject8
3207,face,subject8
4489,face,subject8
5654,face,subject8
5715,face,subject8
6549,face,subject8
6706,face,subject8
7037,face,subject8
7541,face,subject8
9281,face,subject8
9726,face,subject8
9983,face,subject8
11114,face,subject8
11403,face,subject8
11665,face,subject8
13415,face,subject8
14336,face,subject8
14379,face,subject8
14830,face,subject8
15080,face,subject8
15244,face,subject8
16036,face,subject8
16450,face,subject8
18264,face,subject8
19015,face,subject8
19771,face,subject8
20398,face,subject8
21556,face,subject8
23112,face,subject8
25301,face,subject8
25858,face,subject8
27467,face,subject8
27689,face,subject8
28247,face,subject8
29037,face,subject8
29547,face,subject8
30819,face,subject8
30973,face,subject8
31550,face,subject8
33197,face,subject8
34480,face,subject8
34497,face,subject8
34531,face,subject8
35524,face,subject8
35721,face,subject8
35871,face,subject8
36614,face,subject8
37733,face,subject8
39838,face,subject8
40008,face,subject8
40545,face,subject8
43696,face,subject8
44183,face,subject8
44238,face,subject8
44525,face,subject8
44827,face,subject8
45353,face,subject8
46499,face,subject8
46538,face,subject8
47301,face,subject8
47543,face,subject8
48521,face,subject8
50566,face,subject8
50851,face,subject8
51527,face,subject8
51572,face,subject8
51654,face,subject8
51909,face,subject8
52983,face,subject8
55032,face,subject8
55081,face,subject8
55890,face,subject8
57881,face,subject8
57978,face,subject8
58006,face,subject8
58445,face,subject8
58738,face,subject8
59809,face,subject8
61828,face,subject8
62010,face,subject8
63102,face,subject8
65214,face,subject8
65487,face,subject8
65765,face,subject8
66181,face,subject8
66595,face,subject8
67121,face,subject8
67593,face,subject8
68615,face,subject8
70318,face,subject8
71984,face,subject8
72059,face,subject8
72081,face,subject8
72481,face,subject8
2990,place,shared
3386,place,shared
3449,place,shared
4892,place,shared
5301,place,shared
5583,place,shared
6489,place,shared
6640,place,shared
7480,place,shared
8006,place,shared
8465,place,shared
8631,place,shared
8646,place,shared
9917,place,shared
13720,place,shared
14931,place,shared
15025,place,shared
15506,place,shared
16635,place,shared
16655,place,shared
17794,place,shared
17942,place,shared
19292,place,shared
20064,place,shared
20442,place,shared
20738,place,shared
21279,place,shared
21508,place,shared
21703,place,shared
22495,place,shared
22957,place,shared
22993,place,shared
24560,place,shared
24640,place,shared
25578,place,shared
25581,place,shared
26163,place,shared
26307,place,shared
27242,place,shared
27580,place,shared
28898,place,shared
30081,place,shared
31837,place,shared
31936,place,shared
33245,place,shared
34186,place,shared
34603,place,shared
36476,place,shared
38246,place,shared
38278,place,shared
38483,place,shared
38853,place,shared
39997,place,shared
40840,place,shared
40920,place,shared
41814,place,shared
42166,place,shared
42642,place,shared
42781,place,shared
43984,place,shared
44097,place,shared
44107,place,shared
44705,place,shared
44971,place,shared
46036,place,shared
46462,place,shared
47200,place,shared
48508,place,shared
49076,place,shared
49955,place,shared
50882,place,shared
52652,place,shared
54824,place,shared
55163,place,shared
55678,place,shared
55969,place,shared
56867,place,shared
57046,place,shared
58668,place,shared
60094,place,shared
60251,place,shared
61801,place,shared
61809,place,shared
61873,place,shared
62209,place,shared
62275,place,shared
62544,place,shared
64483,place,shared
64687,place,shared
65267,place,shared
65445,place,shared
65943,place,shared
66214,place,shared
66342,place,shared
66836,place,shared
67802,place,shared
69030,place,shared
69240,place,shared
70038,place,shared
70427,place,shared
563,place,subject1
1488,place,subject1
1820,place,subject1
2992,place,subject1
3140,place,subject1
4119,place,subject1
4162,place,subject1
4167,place,subject1
4561,place,subject1
5165,place,subject1
5444,place,subject1
6991,place,subject1
7355,place,subject1
8029,place,subject1
8913,place,subject1
8926,place,subject1
9268,place,subject1
10601,place,subject1
10868,place,subject1
11696,place,subject1
11880,place,subject1
12256,place,subject1
12379,place,subject1
13298,place,subject1
13829,place,subject1
14049,place,subject1
14076,place,subject1
14626,place,subject1
14781,place,subject1
14974,place,subject1
15061,place,subject1
15632,place,subject1
15794,place,subject1
17850,place,subject1
17936,place,subject1
18170,place,subject1
20086,place,subject1
20100,place,subject1
20904,place,subject1
22109,place,subject1
23617,place,subject1
23877,place,subject1
25047,place,subject1
25704,place,subject1
26836,place,subject1
27481,place,subject1
28118,place,subject1
28240,place,subject1
30089,place,subject1
30480,place,subject1
30517,place,subject1
32084,place,subject1
32281,place,subject1
33138,place,subject1
33282,place,subject1
34991,place,subject1
35504,place,subject1
35512,place,subject1
35919,place,subject1
37406,place,subject1
37889,place,subject1
37954,place,subject1
41592,place,subject1
42591,place,subject1
42820,place,subject1
44948,place,subject1
46469,place,subject1
47130,place,subject1
48697,place,subject1
49838,place,subject1
50703,place,subject1
52220,place,subject1
53177,place,subject1
53899,place,subject1
54926,place,subject1
55839,place,subject1
57571,place,subject1
57953,place,subject1
58102,place,subject1
58767,place,subject1
61653,place,subject1
62342,place,subject1
63194,place,subject1
63344,place,subject1
63450,place,subject1
63837,place,subject1
63902,place,subject1
65609,place,subject1
66402,place,subject1
66423,place,subject1
67276,place,subject1
67533,place,subject1
67638,place,subject1
69472,place,subject1
69590,place,subject1
69872,place,subject1
71425,place,subject1
72219,place,subject1
72527,place,subject1
72534,place,subject1
366,place,subject2
997,place,subject2
2542,place,subject2
2759,place,subject2
4627,place,subject2
4936,place,subject2
5853,place,subject2
5854,place,subject2
6472,place,subject2
6624,place,subject2
7357,place,subject2
7878,place,subject2
8850,place,subject2
8861,place,subject2
9972,place,subject2
10218,place,subject2
12623,place,subject2
13785,place,subject2
13959,place,subject2
14183,place,subject2
14333,place,subject2
15317,place,subject2
15759,place,subject2
16663,place,subject2
17845,place,subject2
20031,place,subject2
20176,place,subject2
20705,place,subject2
22488,place,subject2
23429,place,subject2
23779,place,subject2
24000,place,subject2
24153,place,subject2
24160,place,subject2
24782,place,subject2
25814,place,subject2
26221,place,subject2
26349,place,subject2
26726,place,subject2
27022,place,subject2
28186,place,subject2
28310,place,subject2
28370,place,subject2
29263,place,subject2
30261,place,subject2
30859,place,subject2
31392,place,subject2
31913,place,subject2
32203,place,subject2
33653,place,subject2
34221,place,subject2
34979,place,subject2
35480,place,subject2
35709,place,subject2
36187,place,subject2
36311,place,subject2
37154,place,subject2
39267,place,subject2
40019,place,subject2
41210,place,subject2
41280,place,subject2
42025,place,subject2
46387,place,subject2
46563,place,subject2
46963,place,subject2
48127,place,subject2
50013,place,subject2
50597,place,subject2
51260,place,subject2
52280,place,subject2
52582,place,subject2
53169,place,subject2
53826,place,subject2
56044,place,subject2
56128,place,subject2
56445,place,subject2
57065,place,subject2
58049,place,subject2
58308,place,subject2
60309,place,subject2
60822,place,subject2
60833,place,subject2
60937,place,subject2
61605,place,subject2
62678,place,subject2
62799,place,subject2
64596,place,subject2
64618,place,subject2
65117,place,subject2
65233,place,subject2
66454,place,subject2
68123,place,subject2
68309,place,subject2
68574,place,subject2
68869,place,subject2
68965,place,subject2
70156,place,subject2
70580,place,subject2
70872,place,subject2
72661,place,subject2
2646,place,subject3
3039,place,subject3
4522,place,subject3
4915,place,subject3
6206,place,subject3
6814,place,subject3
6866,place,subject3
7072,place,subject3
7109,place,subject3
7510,place,subject3
8403,place,subject3
8648,place,subject3
8863,place,subject3
8955,place,subject3
10015,place,subject3
11167,place,subject3
12253,place,subject3
12259,place,subject3
12777,place,subject3
13468,place,subject3
13642,place,subject3
15515,place,subject3
16522,place,subject3
17062,place,subject3
19915,place,subject3
19997,place,subject3
20280,place,subject3
21374,place,subject3
21798,place,subject3
21865,place,subject3
22151,place,subject3
23967,place,subject3
24314,place,subject3
24504,place,subject3
24537,place,subject3
24998,place,subject3
25022,place,subject3
25846,place,subject3
27567,place,subject3
29008,place,subject3
29268,place,subject3
29945,place,subject3
30662,place,subject3
32251,place,subject3
35277,place,subject3
35307,place,subject3
35435,place,subject3
35555,place,subject3
35733,place,subject3
36016,place,subject3
36164,place,subject3
36458,place,subject3
36631,place,subject3
37525,place,subject3
37816,place,subject3
39525,place,subject3
39940,place,subject3
41212,place,subject3
43036,place,subject3
43964,place,subject3
44180,place,subject3
44212,place,subject3
46178,place,subject3
46492,place,subject3
46775,place,subject3
47569,place,subject3
48230,place,subject3
49240,place,subject3
49298,place,subject3
49594,place,subject3
50066,place,subject3
50814,place,subject3
54828,place,subject3
55691,place,subject3
56261,place,subject3
56321,place,subject3
56882,place,subject3
56981,place,subject3
57489,place,subject3
57691,place,subject3
57761,place,subject3
58877,place,subject3
61655,place,subject3
61672,place,subject3
62447,place,subject3
63580,place,subject3
63624,place,subject3
64770,place,subject3
64965,place,subject3
67028,place,subject3
67154,place,subject3
67595,place,subject3
68004,place,subject3
68617,place,subject3
68856,place,subject3
69356,place,subject3
69511,place,subject3
71418,place,subject3
71688,place,subject3
72185,place,subject3
81,place,subject4
345,place,subject4
2393,place,subject4
3230,place,subject4
4707,place,subject4
4934,place,subject4
6096,place,subject4
6244,place,subject4
6849,place,subject4
6946,place,subject4
7017,place,subject4
7438,place,subject4
8852,place,subject4
8965,place,subject4
9126,place,subject4
9329,place,subject4
9670,place,subject4
11549,place,subject4
12985,place,subject4
13036,place,subject4
13120,place,subject4
15420,place,subject4
16031,place,subject4
17287,place,subject4
17307,place,subject4
17837,place,subject4
18217,place,subject4
18348,place,subject4
19169,place,subject4
19907,place,subject4
20933,place,subject4
21201,place,subject4
21467,place,subject4
22150,place,subject4
24346,place,subject4
25525,place,subject4
25848,place,subject4
26808,place,subject4
28295,place,subject4
29016,place,subject4
29879,place,subject4
30116,place,subject4
31088,place,subject4
31880,place,subject4
32028,place,subject4
32184,place,subject4
32185,place,subject4
32356,place,subject4
32526,place,subject4
33107,place,subject4
33367,place,subject4
36116,place,subject4
37644,place,subject4
41859,place,subject4
42546,place,subject4
42998,place,subject4
44198,place,subject4
44976,place,subject4
45747,place,subject4
45807,place,subject4
45862,place,subject4
46048,place,subject4
46776,place,subject4
47424,place,subject4
47607,place,subject4
47616,place,subject4
48145,place,subject4
48543,place,subject4
49011,place,subject4
50016,place,subject4
50089,place,subject4
54991,place,subject4
56599,place,subject4
56874,place,subject4
57442,place,subject4
58597,place,subject4
58715,place,subject4
59747,place,subject4
60958,place,subject4
61124,place,subject4
61350,place,subject4
62045,place,subject4
63195,place,subject4
63533,place,subject4
63844,place,subject4
64200,place,subject4
65189,place,subject4
65496,place,subject4
65988,place,subject4
66277,place,subject4
67894,place,subject4
68916,place,subject4
69357,place,subject4
69393,place,subject4
70099,place,subject4
71469,place,subject4
71590,place,subject4
72111,place,subject4
72289,place,subject4
72411,place,subject4
1532,place,subject5
1593,place,subject5
2279,place,subject5
2778,place,subject5
4386,place,subject5
4533,place,subject5
4900,place,subject5
5052,place,subject5
5485,place,subject5
5670,place,subject5
6404,place,subject5
7244,place,subject5
9020,place,subject5
10131,place,subject5
11014,place,subject5
13016,place,subject5
13098,place,subject5
13529,place,subject5
14462,place,subject5
14491,place,subject5
14643,place,subject5
14953,place,subject5
15523,place,subject5
15874,place,subject5
16047,place,subject5
18008,place,subject5
18212,place,subject5
19685,place,subject5
21302,place,subject5
23471,place,subject5
24505,place,subject5
24651,place,subject5
25256,place,subject5
25378,place,subject5
25984,place,subject5
25993,place,subject5
28493,place,subject5
28855,place,subject5
29474,place,subject5
29646,place,subject5
29984,place,subject5
30145,place,subject5
34280,place,subject5
35960,place,subject5
36124,place,subject5
36595,place,subject5
38192,place,subject5
39492,place,subject5
39523,place,subject5
39750,place,subject5
41069,place,subject5
41109,place,subject5
43055,place,subject5
43692,place,subject5
45861,place,subject5
46039,place,subject5
46687,place,subject5
48130,place,subject5
48241,place,subject5
48414,place,subject5
48523,place,subject5
48719,place,subject5
50949,place,subject5
51069,place,subject5
51622,place,subject5
52373,place,subject5
53404,place,subject5
53721,place,subject5
54022,place,subject5
54523,place,subject5
54603,place,subject5
55229,place,subject5
55774,place,subject5
55800,place,subject5
56536,place,subject5
57454,place,subject5
57912,place,subject5
58140,place,subject5
58427,place,subject5
58608,place,subject5
58674,place,subject5
59847,place,subject5
59926,place,subject5
59973,place,subject5
61346,place,subject5
61619,place,subject5
62246,place,subject5
62920,place,subject5
63652,place,subject5
64189,place,subject5
64529,place,subject5
64555,place,subject5
65502,place,subject5
65699,place,subject5
66207,place,subject5
66625,place,subject5
67467,place,subject5
69966,place,subject5
70456,place,subject5
72970,place,subject5
243,place,subject6
331,place,subject6
915,place,subject6
949,place,subject6
1087,place,subject6
1491,place,subject6
1538,place,subject6
2606,place,subject6
2848,place,subject6
3332,place,subject6
4350,place,subject6
6547,place,subject6
6911,place,subject6
9526,place,subject6
10329,place,subject6
10916,place,subject6
10924,place,subject6
11105,place,subject6
11985,place,subject6
12073,place,subject6
14317,place,subject6
14700,place,subject6
15304,place,subject6
17494,place,subject6
17618,place,subject6
18841,place,subject6
19240,place,subject6
19279,place,subject6
20452,place,subject6
22210,place,subject6
22693,place,subject6
22808,place,subject6
23355,place,subject6
24751,place,subject6
25075,place,subject6
27801,place,subject6
27894,place,subject6
28016,place,subject6
28188,place,subject6
28549,place,subject6
29326,place,subject6
29348,place,subject6
30692,place,subject6
31383,place,subject6
31683,place,subject6
32241,place,subject6
32318,place,subject6
33119,place,subject6
33433,place,subject6
33650,place,subject6
33675,place,subject6
35482,place,subject6
35703,place,subject6
35739,place,subject6
36959,place,subject6
38151,place,subject6
38467,place,subject6
38604,place,subject6
39078,place,subject6
39257,place,subject6
41923,place,subject6
42274,place,subject6
43123,place,subject6
45155,place,subject6
45692,place,subject6
45829,place,subject6
46734,place,subject6
46920,place,subject6
47007,place,subject6
47872,place,subject6
50371,place,subject6
50461,place,subject6
50629,place,subject6
51413,place,subject6
52442,place,subject6
52492,place,subject6
53160,place,subject6
53385,place,subject6
54598,place,subject6
55168,place,subject6
55496,place,subject6
55596,place,subject6
55757,place,subject6
56387,place,subject6
59131,place,subject6
59224,place,subject6
59749,place,subject6
61182,place,subject6
62064,place,subject6
62854,place,subject6
63367,place,subject6
66507,place,subject6
66745,place,subject6
66752,place,subject6
67768,place,subject6
67868,place,subject6
69738,place,subject6
70163,place,subject6
72051,place,subject6
72307,place,subject6
1020,place,subject7
1796,place,subject7
1842,place,subject7
3724,place,subject7
4160,place,subject7
4302,place,subject7
5848,place,subject7
6043,place,subject7
6848,place,subject7
7181,place,subject7
9206,place,subject7
10040,place,subject7
10936,place,subject7
12402,place,subject7
12712,place,subject7
13461,place,subject7
13512,place,subject7
13593,place,subject7
14108,place,subject7
14332,place,subject7
14653,place,subject7
15249,place,subject7
15577,place,subject7
15774,place,subject7
17209,place,subject7
17227,place,subject7
17937,place,subject7
20375,place,subject7
21464,place,subject7
22462,place,subject7
22465,place,subject7
23043,place,subject7
23532,place,subject7
24258,place,subject7
26190,place,subject7
26901,place,subject7
27541,place,subject7
28562,place,subject7
29277,place,subject7
29825,place,subject7
31087,place,subject7
33344,place,subject7
33361,place,subject7
34273,place,subject7
34343,place,subject7
34945,place,subject7
35742,place,subject7
35979,place,subject7
36573,place,subject7
36657,place,subject7
37105,place,subject7
37894,place,subject7
38509,place,subject7
38590,place,subject7
38657,place,subject7
38713,place,subject7
39563,place,subject7
39880,place,subject7
40161,place,subject7
43367,place,subject7
43542,place,subject7
45272,place,subject7
46431,place,subject7
46618,place,subject7
47118,place,subject7
47197,place,subject7
47838,place,subject7
48048,place,subject7
48117,place,subject7
48748,place,subject7
49999,place,subject7
51311,place,subject7
52762,place,subject7
53592,place,subject7
54500,place,subject7
56683,place,subject7
57225,place,subject7
58592,place,subject7
59262,place,subject7
59333,place,subject7
60298,place,subject7
61221,place,subject7
64188,place,subject7
65394,place,subject7
65912,place,subject7
65924,place,subject7
66179,place,subject7
67493,place,subject7
67591,place,subject7
67614,place,subject7
68351,place,subject7
68434,place,subject7
68840,place,subject7
69032,place,subject7
70867,place,subject7
70983,place,subject7
71910,place,subject7
72160,place,subject7
72648,place,subject7
72796,place,subject7
2150,place,subject8
3154,place,subject8
3375,place,subject8
4872,place,subject8
5037,place,subject8
6729,place,subject8
6933,place,subject8
7476,place,subject8
8259,place,subject8
8337,place,subject8
8879,place,subject8
9079,place,subject8
9599,place,subject8
9843,place,subject8
10038,place,subject8
10274,place,subject8
11350,place,subject8
13038,place,subject8
15163,place,subject8
15439,place,subject8
18768,place,subject8
19130,place,subject8
19627,place,subject8
19717,place,subject8
19786,place,subject8
20880,place,subject8
21332,place,subject8
23460,place,subject8
23662,place,subject8
24152,place,subject8
24763,place,subject8
26216,place,subject8
27058,place,subject8
27355,place,subject8
27595,place,subject8
28199,place,subject8
28407,place,subject8
29622,place,subject8
29799,place,subject8
30267,place,subject8
30338,place,subject8
31708,place,subject8
31751,place,subject8
31808,place,subject8
32533,place,subject8
34546,place,subject8
35237,place,subject8
35264,place,subject8
35509,place,subject8
37361,place,subject8
37913,place,subject8
38024,place,subject8
38665,place,subject8
38807,place,subject8
39634,place,subject8
39675,place,subject8
39871,place,subject8
40236,place,subject8
40691,place,subject8
41633,place,subject8
41732,place,subject8
41912,place,subject8
42443,place,subject8
43348,place,subject8
43828,place,subject8
43919,place,subject8
44591,place,subject8
45710,place,subject8
45795,place,subject8
46123,place,subject8
48290,place,subject8
49503,place,subject8
49673,place,subject8
50051,place,subject8
50296,place,subject8
50479,place,subject8
50523,place,subject8
52307,place,subject8
54735,place,subject8
55017,place,subject8
55201,place,subject8
55276,place,subject8
56160,place,subject8
56359,place,subject8
57843,place,subject8
57988,place,subject8
59217,place,subject8
59298,place,subject8
60726,place,subject8
61548,place,subject8
61986,place,subject8
62392,place,subject8
64122,place,subject8
64499,place,subject8
66081,place,subject8
69020,place,subject8
70186,place,subject8
70508,place,subject8
72466,place,subject8
72906,place,subject8
